<?xml version="1.0" encoding="utf-8"?>
<manifest identifier="Lecture Block 13" xmlns="http://www.imsproject.org/xsd/imscp_rootv1p1p2" xmlns:adlcp="http://www.adlnet.org/xsd/adlcp_rootv1p2" xmlns:xsi="http://www.w3.org/2001/XMLSchema-instance" xmlns:lom="http://www.imsglobal.org/xsd/imsmd_rootv1p2p1" xsi:schemaLocation="http://www.imsproject.org/xsd/imscp_rootv1p1p2 imscp_rootv1p1p2.xsd http://www.imsglobal.org/xsd/imsmd_rootv1p2p1 imsmd_rootv1p2p1.xsd http://www.adlnet.org/xsd/adlcp_rootv1p2 adlcp_rootv1p2.xsd">
<metadata>
<schema>ADL SCORM</schema>
<schemaversion>1.2</schemaversion>
<lom:lom>
<lom:general>
<lom:title>
<lom:langstring>Lecture Block 13</lom:langstring>
</lom:title>
</lom:general>
<lom:educational>
<lom:typicallearningtime>
<lom:datetime>00:00:00</lom:datetime>
</lom:typicallearningtime>
</lom:educational>
</lom:lom>
</metadata>
<organizations default="lecture_block_13_organization">
  <organization identifier="lecture_block_13_organization">
  <title>Lecture Block 13</title>
    <item identifier="item_1" identifierref="lecture_13_1" isvisible="true">
      <title>Mini Lecture 13.1</title>
    </item>
    <item identifier="item_2" identifierref="lecture_13_2" isvisible="true">
      <title>Mini Lecture 13.2</title>
    </item>
    <item identifier="item_3" identifierref="lecture_13_3" isvisible="true">
      <title>Mini Lecture 13.3</title>
    </item>
    <item identifier="item_4" identifierref="lecture_13_4" isvisible="true">
      <title>Mini Lecture 13.4</title>
    </item>
  </organization>
</organizations>
<resources>
  <resource identifier="lecture_13_1" type="webcontent" adlcp:scormtype="sco" href="res/Lecture_13.1.html">
    <file href="res/Lecture_13.1.html"/>
  </resource>
  <resource identifier="lecture_13_2" type="webcontent" adlcp:scormtype="sco" href="res/Lecture_13.2.html">
    <file href="res/Lecture_13.2.html"/>
  </resource>
  <resource identifier="lecture_13_3" type="webcontent" adlcp:scormtype="sco" href="res/Lecture_13.3.html">
    <file href="res/Lecture_13.3.html"/>
  </resource>
  <resource identifier="lecture_13_4" type="webcontent" adlcp:scormtype="sco" href="res/Lecture_13.4.html">
    <file href="res/Lecture_13.4.html"/>
  </resource>
</resources>
</manifest>