asset,year,region,installed,technology,capacity
1,2035,R1,2025,gassupply1,9.58580000000
1,2040,R1,2025,gassupply1,9.58580000000
1,2045,R1,2025,gassupply1,9.58580000000
1,2050,R1,2025,gassupply1,9.58580000000
1,2064,R1,2025,gassupply1,9.58580000000
2,2035,R1,2030,gassupply1,13.12830000000
2,2040,R1,2030,gassupply1,13.12830000000
2,2045,R1,2030,gassupply1,13.12830000000
2,2050,R1,2030,gassupply1,13.12830000000
2,2064,R1,2030,gassupply1,13.12830000000
2,2065,R1,2030,gassupply1,13.12830000000
2,2069,R1,2030,gassupply1,13.12830000000
