ProcessName,RegionName,Time,Level,cap_par,cap_exp,fix_par,fix_exp,var_par,var_exp,MaxCapacityAddition,MaxCapacityGrowth,TotalCapacityLimit,TechnicalLife,UtilizationFactor,ScalingSize,efficiency,InterestRate,Type,Fuel,EndUse,Agent2
Unit,-,Year,-,MUS$2010/PJ_a,-,MUS$2010/PJ,-,MUS$2010/PJ,-,PJ,%,PJ,Years,-,PJ,%,-,-,-,-,Retrofit
gasCCGT,R1,2020,fixed,23.78234399,1,0,1,0,1,2,1,60,35,0.9,0.00000189,86,0.1,energy,gas,electricity,1
windturbine,R1,2020,fixed,36.30771182,1,0,1,0,1,2,1,60,25,0.4,0.00000189,86,0.1,energy,wind,electricity,1
gasCCGT,R2,2020,fixed,23.78234399,1,0,1,0,1,2,1,60,35,0.9,0.00000189,86,0.1,energy,gas,electricity,1
windturbine,R2,2020,fixed,36.30771182,1,0,1,0,1,2,1,60,25,0.4,0.00000189,86,0.1,energy,wind,electricity,1