ProcessName,RegionName,Time,Level,cap_par,cap_exp,fix_par,fix_exp,var_par,var_exp,MaxCapacityAddition,MaxCapacityGrowth,TotalCapacityLimit,TechnicalLife,UtilizationFactor,ScalingSize,efficiency,InterestRate,Type,Fuel,EndUse,Agent2
Unit,-,Year,-,MUS$2010/PJ_a,-,MUS$2010/PJ,-,MUS$2010/PJ,-,PJ,%,PJ,Years,-,PJ,%,-,-,-,-,Retrofit
gasboiler,R1,2020,fixed,3.8,1,0,1,0,1,10,0.02,60,10,1,0.00000189,86,0.1,energy,gas,heat,1
heatpump,R1,2020,fixed,8.866667,1,0,1,0,1,10,0.02,60,10,1,0.00000189,86,0.1,energy,electricity,heat,1
gas_stove,R1,2020,fixed,3.8,1,0,1,0,1,100,20,120,10,1,0.00000189,86,0.1,energy,gas,cook,1
electric_stove,R1,2020,fixed,8.866667,1,0,1,0,1,100,20,120,10,1,0.00000189,86,0.1,energy,electricity,cook,1