timeslice,commodity,region,prices,year
"('all-year', 'all-week', 'night')",electricity,R1,19.50000000000,2020
"('all-year', 'all-week', 'night')",gas,R1,7.15280000000,2020
"('all-year', 'all-week', 'night')",heat,R1,100.00000000000,2020
"('all-year', 'all-week', 'night')",CO2f,R1,0.08310000000,2020
"('all-year', 'all-week', 'morning')",electricity,R1,19.50000000000,2020
"('all-year', 'all-week', 'morning')",gas,R1,7.15280000000,2020
"('all-year', 'all-week', 'morning')",heat,R1,100.00000000000,2020
"('all-year', 'all-week', 'morning')",CO2f,R1,0.08310000000,2020
"('all-year', 'all-week', 'afternoon')",electricity,R1,19.50000000000,2020
"('all-year', 'all-week', 'afternoon')",gas,R1,7.15280000000,2020
"('all-year', 'all-week', 'afternoon')",heat,R1,100.00000000000,2020
"('all-year', 'all-week', 'afternoon')",CO2f,R1,0.08310000000,2020
"('all-year', 'all-week', 'early-peak')",electricity,R1,19.50000000000,2020
"('all-year', 'all-week', 'early-peak')",gas,R1,7.15280000000,2020
"('all-year', 'all-week', 'early-peak')",heat,R1,100.00000000000,2020
"('all-year', 'all-week', 'early-peak')",CO2f,R1,0.08310000000,2020
"('all-year', 'all-week', 'late-peak')",electricity,R1,19.50000000000,2020
"('all-year', 'all-week', 'late-peak')",gas,R1,7.15280000000,2020
"('all-year', 'all-week', 'late-peak')",heat,R1,100.00000000000,2020
"('all-year', 'all-week', 'late-peak')",CO2f,R1,0.08310000000,2020
"('all-year', 'all-week', 'evening')",electricity,R1,19.50000000000,2020
"('all-year', 'all-week', 'evening')",gas,R1,7.15280000000,2020
"('all-year', 'all-week', 'evening')",heat,R1,100.00000000000,2020
"('all-year', 'all-week', 'evening')",CO2f,R1,0.08310000000,2020
"('all-year', 'all-week', 'night')",electricity,R1,1.27200000000,2025
"('all-year', 'all-week', 'night')",gas,R1,0.04720000000,2025
"('all-year', 'all-week', 'night')",heat,R1,1.07360000000,2025
"('all-year', 'all-week', 'night')",CO2f,R1,0.12010000000,2025
"('all-year', 'all-week', 'morning')",electricity,R1,1.90800000000,2025
"('all-year', 'all-week', 'morning')",gas,R1,0.07080000000,2025
"('all-year', 'all-week', 'morning')",heat,R1,1.61040000000,2025
"('all-year', 'all-week', 'morning')",CO2f,R1,0.12010000000,2025
"('all-year', 'all-week', 'afternoon')",electricity,R1,1.27200000000,2025
"('all-year', 'all-week', 'afternoon')",gas,R1,0.04720000000,2025
"('all-year', 'all-week', 'afternoon')",heat,R1,1.07360000000,2025
"('all-year', 'all-week', 'afternoon')",CO2f,R1,0.12010000000,2025
"('all-year', 'all-week', 'early-peak')",electricity,R1,1.90800000000,2025
"('all-year', 'all-week', 'early-peak')",gas,R1,0.07080000000,2025
"('all-year', 'all-week', 'early-peak')",heat,R1,1.61040000000,2025
"('all-year', 'all-week', 'early-peak')",CO2f,R1,0.12010000000,2025
"('all-year', 'all-week', 'late-peak')",electricity,R1,3.81600000000,2025
"('all-year', 'all-week', 'late-peak')",gas,R1,0.14170000000,2025
"('all-year', 'all-week', 'late-peak')",heat,R1,3.22070000000,2025
"('all-year', 'all-week', 'late-peak')",CO2f,R1,0.12010000000,2025
"('all-year', 'all-week', 'evening')",electricity,R1,2.54400000000,2025
"('all-year', 'all-week', 'evening')",gas,R1,0.09440000000,2025
"('all-year', 'all-week', 'evening')",heat,R1,2.14720000000,2025
"('all-year', 'all-week', 'evening')",CO2f,R1,0.12010000000,2025
"('all-year', 'all-week', 'night')",electricity,R1,0.98080000000,2030
"('all-year', 'all-week', 'night')",gas,R1,0.04720000000,2030
"('all-year', 'all-week', 'night')",heat,R1,0.20570000000,2030
"('all-year', 'all-week', 'night')",CO2f,R1,0.15700000000,2030
"('all-year', 'all-week', 'morning')",electricity,R1,1.47480000000,2030
"('all-year', 'all-week', 'morning')",gas,R1,0.07080000000,2030
"('all-year', 'all-week', 'morning')",heat,R1,0.34200000000,2030
"('all-year', 'all-week', 'morning')",CO2f,R1,0.15700000000,2030
"('all-year', 'all-week', 'afternoon')",electricity,R1,0.98080000000,2030
"('all-year', 'all-week', 'afternoon')",gas,R1,0.04720000000,2030
"('all-year', 'all-week', 'afternoon')",heat,R1,0.20570000000,2030
"('all-year', 'all-week', 'afternoon')",CO2f,R1,0.15700000000,2030
"('all-year', 'all-week', 'early-peak')",electricity,R1,1.47480000000,2030
"('all-year', 'all-week', 'early-peak')",gas,R1,0.07080000000,2030
"('all-year', 'all-week', 'early-peak')",heat,R1,0.34200000000,2030
"('all-year', 'all-week', 'early-peak')",CO2f,R1,0.15700000000,2030
"('all-year', 'all-week', 'late-peak')",electricity,R1,2.97130000000,2030
"('all-year', 'all-week', 'late-peak')",gas,R1,0.14170000000,2030
"('all-year', 'all-week', 'late-peak')",heat,R1,0.88510000000,2030
"('all-year', 'all-week', 'late-peak')",CO2f,R1,0.15700000000,2030
"('all-year', 'all-week', 'evening')",electricity,R1,1.97120000000,2030
"('all-year', 'all-week', 'evening')",gas,R1,0.09440000000,2030
"('all-year', 'all-week', 'evening')",heat,R1,0.50070000000,2030
"('all-year', 'all-week', 'evening')",CO2f,R1,0.15700000000,2030
"('all-year', 'all-week', 'night')",electricity,R1,1.53340000000,2035
"('all-year', 'all-week', 'night')",gas,R1,0.04720000000,2035
"('all-year', 'all-week', 'night')",heat,R1,0.21620000000,2035
"('all-year', 'all-week', 'night')",CO2f,R1,0.21490000000,2035
"('all-year', 'all-week', 'morning')",electricity,R1,2.30450000000,2035
"('all-year', 'all-week', 'morning')",gas,R1,0.07080000000,2035
"('all-year', 'all-week', 'morning')",heat,R1,0.35110000000,2035
"('all-year', 'all-week', 'morning')",CO2f,R1,0.21490000000,2035
"('all-year', 'all-week', 'afternoon')",electricity,R1,1.53340000000,2035
"('all-year', 'all-week', 'afternoon')",gas,R1,0.04720000000,2035
"('all-year', 'all-week', 'afternoon')",heat,R1,0.21620000000,2035
"('all-year', 'all-week', 'afternoon')",CO2f,R1,0.21490000000,2035
"('all-year', 'all-week', 'early-peak')",electricity,R1,2.30450000000,2035
"('all-year', 'all-week', 'early-peak')",gas,R1,0.07080000000,2035
"('all-year', 'all-week', 'early-peak')",heat,R1,0.35110000000,2035
"('all-year', 'all-week', 'early-peak')",CO2f,R1,0.21490000000,2035
"('all-year', 'all-week', 'late-peak')",electricity,R1,4.63520000000,2035
"('all-year', 'all-week', 'late-peak')",gas,R1,0.14170000000,2035
"('all-year', 'all-week', 'late-peak')",heat,R1,0.86410000000,2035
"('all-year', 'all-week', 'late-peak')",CO2f,R1,0.21490000000,2035
"('all-year', 'all-week', 'evening')",electricity,R1,3.07850000000,2035
"('all-year', 'all-week', 'evening')",gas,R1,0.09440000000,2035
"('all-year', 'all-week', 'evening')",heat,R1,0.50390000000,2035
"('all-year', 'all-week', 'evening')",CO2f,R1,0.21490000000,2035
"('all-year', 'all-week', 'night')",electricity,R1,1.67080000000,2040
"('all-year', 'all-week', 'night')",gas,R1,0.04720000000,2040
"('all-year', 'all-week', 'night')",heat,R1,0.12210000000,2040
"('all-year', 'all-week', 'night')",CO2f,R1,0.27280000000,2040
"('all-year', 'all-week', 'morning')",electricity,R1,2.51000000000,2040
"('all-year', 'all-week', 'morning')",gas,R1,0.07080000000,2040
"('all-year', 'all-week', 'morning')",heat,R1,0.22850000000,2040
"('all-year', 'all-week', 'morning')",CO2f,R1,0.27280000000,2040
"('all-year', 'all-week', 'afternoon')",electricity,R1,1.67080000000,2040
"('all-year', 'all-week', 'afternoon')",gas,R1,0.04720000000,2040
"('all-year', 'all-week', 'afternoon')",heat,R1,0.12210000000,2040
"('all-year', 'all-week', 'afternoon')",CO2f,R1,0.27280000000,2040
"('all-year', 'all-week', 'early-peak')",electricity,R1,2.51000000000,2040
"('all-year', 'all-week', 'early-peak')",gas,R1,0.07080000000,2040
"('all-year', 'all-week', 'early-peak')",heat,R1,0.22850000000,2040
"('all-year', 'all-week', 'early-peak')",CO2f,R1,0.27280000000,2040
"('all-year', 'all-week', 'late-peak')",electricity,R1,5.04230000000,2040
"('all-year', 'all-week', 'late-peak')",gas,R1,0.14170000000,2040
"('all-year', 'all-week', 'late-peak')",heat,R1,0.73120000000,2040
"('all-year', 'all-week', 'late-peak')",CO2f,R1,0.27280000000,2040
"('all-year', 'all-week', 'evening')",electricity,R1,3.35160000000,2040
"('all-year', 'all-week', 'evening')",gas,R1,0.09440000000,2040
"('all-year', 'all-week', 'evening')",heat,R1,0.36540000000,2040
"('all-year', 'all-week', 'evening')",CO2f,R1,0.27280000000,2040
"('all-year', 'all-week', 'night')",electricity,R1,1.91760000000,2045
"('all-year', 'all-week', 'night')",gas,R1,0.04720000000,2045
"('all-year', 'all-week', 'night')",heat,R1,0.13290000000,2045
"('all-year', 'all-week', 'night')",CO2f,R1,0.35390000000,2045
"('all-year', 'all-week', 'morning')",electricity,R1,2.87960000000,2045
"('all-year', 'all-week', 'morning')",gas,R1,0.07080000000,2045
"('all-year', 'all-week', 'morning')",heat,R1,0.24880000000,2045
"('all-year', 'all-week', 'morning')",CO2f,R1,0.35390000000,2045
"('all-year', 'all-week', 'afternoon')",electricity,R1,1.91760000000,2045
"('all-year', 'all-week', 'afternoon')",gas,R1,0.04720000000,2045
"('all-year', 'all-week', 'afternoon')",heat,R1,0.13290000000,2045
"('all-year', 'all-week', 'afternoon')",CO2f,R1,0.35390000000,2045
"('all-year', 'all-week', 'early-peak')",electricity,R1,2.87960000000,2045
"('all-year', 'all-week', 'early-peak')",gas,R1,0.07080000000,2045
"('all-year', 'all-week', 'early-peak')",heat,R1,0.24880000000,2045
"('all-year', 'all-week', 'early-peak')",CO2f,R1,0.35390000000,2045
"('all-year', 'all-week', 'late-peak')",electricity,R1,5.77910000000,2045
"('all-year', 'all-week', 'late-peak')",gas,R1,0.14170000000,2045
"('all-year', 'all-week', 'late-peak')",heat,R1,0.79620000000,2045
"('all-year', 'all-week', 'late-peak')",CO2f,R1,0.35390000000,2045
"('all-year', 'all-week', 'evening')",electricity,R1,3.84390000000,2045
"('all-year', 'all-week', 'evening')",gas,R1,0.09440000000,2045
"('all-year', 'all-week', 'evening')",heat,R1,0.39790000000,2045
"('all-year', 'all-week', 'evening')",CO2f,R1,0.35390000000,2045
"('all-year', 'all-week', 'night')",electricity,R1,2.16920000000,2050
"('all-year', 'all-week', 'night')",gas,R1,0.04720000000,2050
"('all-year', 'all-week', 'night')",heat,R1,0.10080000000,2050
"('all-year', 'all-week', 'night')",CO2f,R1,0.43510000000,2050
"('all-year', 'all-week', 'morning')",electricity,R1,3.25680000000,2050
"('all-year', 'all-week', 'morning')",gas,R1,0.07080000000,2050
"('all-year', 'all-week', 'morning')",heat,R1,0.20890000000,2050
"('all-year', 'all-week', 'morning')",CO2f,R1,0.43510000000,2050
"('all-year', 'all-week', 'afternoon')",electricity,R1,2.16920000000,2050
"('all-year', 'all-week', 'afternoon')",gas,R1,0.04720000000,2050
"('all-year', 'all-week', 'afternoon')",heat,R1,0.10080000000,2050
"('all-year', 'all-week', 'afternoon')",CO2f,R1,0.43510000000,2050
"('all-year', 'all-week', 'early-peak')",electricity,R1,3.25680000000,2050
"('all-year', 'all-week', 'early-peak')",gas,R1,0.07080000000,2050
"('all-year', 'all-week', 'early-peak')",heat,R1,0.20890000000,2050
"('all-year', 'all-week', 'early-peak')",CO2f,R1,0.43510000000,2050
"('all-year', 'all-week', 'late-peak')",electricity,R1,6.53190000000,2050
"('all-year', 'all-week', 'late-peak')",gas,R1,0.14170000000,2050
"('all-year', 'all-week', 'late-peak')",heat,R1,0.76560000000,2050
"('all-year', 'all-week', 'late-peak')",CO2f,R1,0.43510000000,2050
"('all-year', 'all-week', 'evening')",electricity,R1,4.34650000000,2050
"('all-year', 'all-week', 'evening')",gas,R1,0.09440000000,2050
"('all-year', 'all-week', 'evening')",heat,R1,0.35560000000,2050
"('all-year', 'all-week', 'evening')",CO2f,R1,0.43510000000,2050
