timeslice,commodity,region,prices,year
"('all-year', 'all-week', 'night')",electricity,R1,19.50000000000,2020
"('all-year', 'all-week', 'night')",gas,R1,7.15280000000,2020
"('all-year', 'all-week', 'night')",heat,R1,100.00000000000,2020
"('all-year', 'all-week', 'night')",CO2f,R1,0.08310000000,2020
"('all-year', 'all-week', 'morning')",electricity,R1,19.50000000000,2020
"('all-year', 'all-week', 'morning')",gas,R1,7.15280000000,2020
"('all-year', 'all-week', 'morning')",heat,R1,100.00000000000,2020
"('all-year', 'all-week', 'morning')",CO2f,R1,0.08310000000,2020
"('all-year', 'all-week', 'afternoon')",electricity,R1,19.50000000000,2020
"('all-year', 'all-week', 'afternoon')",gas,R1,7.15280000000,2020
"('all-year', 'all-week', 'afternoon')",heat,R1,100.00000000000,2020
"('all-year', 'all-week', 'afternoon')",CO2f,R1,0.08310000000,2020
"('all-year', 'all-week', 'early-peak')",electricity,R1,19.50000000000,2020
"('all-year', 'all-week', 'early-peak')",gas,R1,7.15280000000,2020
"('all-year', 'all-week', 'early-peak')",heat,R1,100.00000000000,2020
"('all-year', 'all-week', 'early-peak')",CO2f,R1,0.08310000000,2020
"('all-year', 'all-week', 'late-peak')",electricity,R1,19.50000000000,2020
"('all-year', 'all-week', 'late-peak')",gas,R1,7.15280000000,2020
"('all-year', 'all-week', 'late-peak')",heat,R1,100.00000000000,2020
"('all-year', 'all-week', 'late-peak')",CO2f,R1,0.08310000000,2020
"('all-year', 'all-week', 'evening')",electricity,R1,19.50000000000,2020
"('all-year', 'all-week', 'evening')",gas,R1,7.15280000000,2020
"('all-year', 'all-week', 'evening')",heat,R1,100.00000000000,2020
"('all-year', 'all-week', 'evening')",CO2f,R1,0.08310000000,2020
"('all-year', 'all-week', 'night')",electricity,R1,2.16470000000,2025
"('all-year', 'all-week', 'night')",gas,R1,0.04720000000,2025
"('all-year', 'all-week', 'night')",heat,R1,1.44060000000,2025
"('all-year', 'all-week', 'night')",CO2f,R1,0.12010000000,2025
"('all-year', 'all-week', 'morning')",electricity,R1,3.24710000000,2025
"('all-year', 'all-week', 'morning')",gas,R1,0.07080000000,2025
"('all-year', 'all-week', 'morning')",heat,R1,2.16100000000,2025
"('all-year', 'all-week', 'morning')",CO2f,R1,0.12010000000,2025
"('all-year', 'all-week', 'afternoon')",electricity,R1,2.16470000000,2025
"('all-year', 'all-week', 'afternoon')",gas,R1,0.04720000000,2025
"('all-year', 'all-week', 'afternoon')",heat,R1,1.44060000000,2025
"('all-year', 'all-week', 'afternoon')",CO2f,R1,0.12010000000,2025
"('all-year', 'all-week', 'early-peak')",electricity,R1,3.24710000000,2025
"('all-year', 'all-week', 'early-peak')",gas,R1,0.07080000000,2025
"('all-year', 'all-week', 'early-peak')",heat,R1,2.16100000000,2025
"('all-year', 'all-week', 'early-peak')",CO2f,R1,0.12010000000,2025
"('all-year', 'all-week', 'late-peak')",electricity,R1,6.49420000000,2025
"('all-year', 'all-week', 'late-peak')",gas,R1,0.14170000000,2025
"('all-year', 'all-week', 'late-peak')",heat,R1,4.32190000000,2025
"('all-year', 'all-week', 'late-peak')",CO2f,R1,0.12010000000,2025
"('all-year', 'all-week', 'evening')",electricity,R1,4.32940000000,2025
"('all-year', 'all-week', 'evening')",gas,R1,0.09440000000,2025
"('all-year', 'all-week', 'evening')",heat,R1,2.88130000000,2025
"('all-year', 'all-week', 'evening')",CO2f,R1,0.12010000000,2025
"('all-year', 'all-week', 'night')",electricity,R1,1.16120000000,2030
"('all-year', 'all-week', 'night')",gas,R1,0.04720000000,2030
"('all-year', 'all-week', 'night')",heat,R1,0.71260000000,2030
"('all-year', 'all-week', 'night')",CO2f,R1,0.15700000000,2030
"('all-year', 'all-week', 'morning')",electricity,R1,1.74630000000,2030
"('all-year', 'all-week', 'morning')",gas,R1,0.07080000000,2030
"('all-year', 'all-week', 'morning')",heat,R1,1.09410000000,2030
"('all-year', 'all-week', 'morning')",CO2f,R1,0.15700000000,2030
"('all-year', 'all-week', 'afternoon')",electricity,R1,1.16120000000,2030
"('all-year', 'all-week', 'afternoon')",gas,R1,0.04720000000,2030
"('all-year', 'all-week', 'afternoon')",heat,R1,0.71260000000,2030
"('all-year', 'all-week', 'afternoon')",CO2f,R1,0.15700000000,2030
"('all-year', 'all-week', 'early-peak')",electricity,R1,1.74630000000,2030
"('all-year', 'all-week', 'early-peak')",gas,R1,0.07080000000,2030
"('all-year', 'all-week', 'early-peak')",heat,R1,1.09410000000,2030
"('all-year', 'all-week', 'early-peak')",CO2f,R1,0.15700000000,2030
"('all-year', 'all-week', 'late-peak')",electricity,R1,3.51920000000,2030
"('all-year', 'all-week', 'late-peak')",gas,R1,0.14170000000,2030
"('all-year', 'all-week', 'late-peak')",heat,R1,2.33940000000,2030
"('all-year', 'all-week', 'late-peak')",CO2f,R1,0.15700000000,2030
"('all-year', 'all-week', 'evening')",electricity,R1,2.33430000000,2030
"('all-year', 'all-week', 'evening')",gas,R1,0.09440000000,2030
"('all-year', 'all-week', 'evening')",heat,R1,1.49240000000,2030
"('all-year', 'all-week', 'evening')",CO2f,R1,0.15700000000,2030
"('all-year', 'all-week', 'night')",electricity,R1,1.54980000000,2035
"('all-year', 'all-week', 'night')",gas,R1,0.04720000000,2035
"('all-year', 'all-week', 'night')",heat,R1,0.98750000000,2035
"('all-year', 'all-week', 'night')",CO2f,R1,0.21490000000,2035
"('all-year', 'all-week', 'morning')",electricity,R1,2.32910000000,2035
"('all-year', 'all-week', 'morning')",gas,R1,0.07080000000,2035
"('all-year', 'all-week', 'morning')",heat,R1,1.49500000000,2035
"('all-year', 'all-week', 'morning')",CO2f,R1,0.21490000000,2035
"('all-year', 'all-week', 'afternoon')",electricity,R1,1.54980000000,2035
"('all-year', 'all-week', 'afternoon')",gas,R1,0.04720000000,2035
"('all-year', 'all-week', 'afternoon')",heat,R1,0.98750000000,2035
"('all-year', 'all-week', 'afternoon')",CO2f,R1,0.21490000000,2035
"('all-year', 'all-week', 'early-peak')",electricity,R1,2.32910000000,2035
"('all-year', 'all-week', 'early-peak')",gas,R1,0.07080000000,2035
"('all-year', 'all-week', 'early-peak')",heat,R1,1.49500000000,2035
"('all-year', 'all-week', 'early-peak')",CO2f,R1,0.21490000000,2035
"('all-year', 'all-week', 'late-peak')",electricity,R1,4.68460000000,2035
"('all-year', 'all-week', 'late-peak')",gas,R1,0.14170000000,2035
"('all-year', 'all-week', 'late-peak')",heat,R1,3.07360000000,2035
"('all-year', 'all-week', 'late-peak')",CO2f,R1,0.21490000000,2035
"('all-year', 'all-week', 'evening')",electricity,R1,3.11130000000,2035
"('all-year', 'all-week', 'evening')",gas,R1,0.09440000000,2035
"('all-year', 'all-week', 'evening')",heat,R1,2.01180000000,2035
"('all-year', 'all-week', 'evening')",CO2f,R1,0.21490000000,2035
"('all-year', 'all-week', 'night')",electricity,R1,1.93280000000,2040
"('all-year', 'all-week', 'night')",gas,R1,0.04720000000,2040
"('all-year', 'all-week', 'night')",heat,R1,1.28210000000,2040
"('all-year', 'all-week', 'night')",CO2f,R1,0.27280000000,2040
"('all-year', 'all-week', 'morning')",electricity,R1,2.90370000000,2040
"('all-year', 'all-week', 'morning')",gas,R1,0.07080000000,2040
"('all-year', 'all-week', 'morning')",heat,R1,1.93990000000,2040
"('all-year', 'all-week', 'morning')",CO2f,R1,0.27280000000,2040
"('all-year', 'all-week', 'afternoon')",electricity,R1,1.93280000000,2040
"('all-year', 'all-week', 'afternoon')",gas,R1,0.04720000000,2040
"('all-year', 'all-week', 'afternoon')",heat,R1,1.28210000000,2040
"('all-year', 'all-week', 'afternoon')",CO2f,R1,0.27280000000,2040
"('all-year', 'all-week', 'early-peak')",electricity,R1,2.90370000000,2040
"('all-year', 'all-week', 'early-peak')",gas,R1,0.07080000000,2040
"('all-year', 'all-week', 'early-peak')",heat,R1,1.93990000000,2040
"('all-year', 'all-week', 'early-peak')",CO2f,R1,0.27280000000,2040
"('all-year', 'all-week', 'late-peak')",electricity,R1,5.83360000000,2040
"('all-year', 'all-week', 'late-peak')",gas,R1,0.14170000000,2040
"('all-year', 'all-week', 'late-peak')",heat,R1,3.98030000000,2040
"('all-year', 'all-week', 'late-peak')",CO2f,R1,0.27280000000,2040
"('all-year', 'all-week', 'evening')",electricity,R1,3.87740000000,2040
"('all-year', 'all-week', 'evening')",gas,R1,0.09440000000,2040
"('all-year', 'all-week', 'evening')",heat,R1,2.60880000000,2040
"('all-year', 'all-week', 'evening')",CO2f,R1,0.27280000000,2040
"('all-year', 'all-week', 'night')",electricity,R1,2.48350000000,2045
"('all-year', 'all-week', 'night')",gas,R1,0.04720000000,2045
"('all-year', 'all-week', 'night')",heat,R1,1.76900000000,2045
"('all-year', 'all-week', 'night')",CO2f,R1,0.35390000000,2045
"('all-year', 'all-week', 'morning')",electricity,R1,3.72960000000,2045
"('all-year', 'all-week', 'morning')",gas,R1,0.07080000000,2045
"('all-year', 'all-week', 'morning')",heat,R1,2.67070000000,2045
"('all-year', 'all-week', 'morning')",CO2f,R1,0.35390000000,2045
"('all-year', 'all-week', 'afternoon')",electricity,R1,2.48350000000,2045
"('all-year', 'all-week', 'afternoon')",gas,R1,0.04720000000,2045
"('all-year', 'all-week', 'afternoon')",heat,R1,1.76900000000,2045
"('all-year', 'all-week', 'afternoon')",CO2f,R1,0.35390000000,2045
"('all-year', 'all-week', 'early-peak')",electricity,R1,3.72960000000,2045
"('all-year', 'all-week', 'early-peak')",gas,R1,0.07080000000,2045
"('all-year', 'all-week', 'early-peak')",heat,R1,2.67070000000,2045
"('all-year', 'all-week', 'early-peak')",CO2f,R1,0.35390000000,2045
"('all-year', 'all-week', 'late-peak')",electricity,R1,7.48550000000,2045
"('all-year', 'all-week', 'late-peak')",gas,R1,0.14170000000,2045
"('all-year', 'all-week', 'late-peak')",heat,R1,5.44580000000,2045
"('all-year', 'all-week', 'late-peak')",CO2f,R1,0.35390000000,2045
"('all-year', 'all-week', 'evening')",electricity,R1,4.97870000000,2045
"('all-year', 'all-week', 'evening')",gas,R1,0.09440000000,2045
"('all-year', 'all-week', 'evening')",heat,R1,3.58410000000,2045
"('all-year', 'all-week', 'evening')",CO2f,R1,0.35390000000,2045
"('all-year', 'all-week', 'night')",electricity,R1,3.07960000000,2050
"('all-year', 'all-week', 'night')",gas,R1,0.04720000000,2050
"('all-year', 'all-week', 'night')",heat,R1,2.13140000000,2050
"('all-year', 'all-week', 'night')",CO2f,R1,0.43510000000,2050
"('all-year', 'all-week', 'morning')",electricity,R1,4.62390000000,2050
"('all-year', 'all-week', 'morning')",gas,R1,0.07080000000,2050
"('all-year', 'all-week', 'morning')",heat,R1,3.21940000000,2050
"('all-year', 'all-week', 'morning')",CO2f,R1,0.43510000000,2050
"('all-year', 'all-week', 'afternoon')",electricity,R1,3.07960000000,2050
"('all-year', 'all-week', 'afternoon')",gas,R1,0.04720000000,2050
"('all-year', 'all-week', 'afternoon')",heat,R1,2.13140000000,2050
"('all-year', 'all-week', 'afternoon')",CO2f,R1,0.43510000000,2050
"('all-year', 'all-week', 'early-peak')",electricity,R1,4.62390000000,2050
"('all-year', 'all-week', 'early-peak')",gas,R1,0.07080000000,2050
"('all-year', 'all-week', 'early-peak')",heat,R1,3.21940000000,2050
"('all-year', 'all-week', 'early-peak')",CO2f,R1,0.43510000000,2050
"('all-year', 'all-week', 'late-peak')",electricity,R1,9.27450000000,2050
"('all-year', 'all-week', 'late-peak')",gas,R1,0.14170000000,2050
"('all-year', 'all-week', 'late-peak')",heat,R1,6.57370000000,2050
"('all-year', 'all-week', 'late-peak')",CO2f,R1,0.43510000000,2050
"('all-year', 'all-week', 'evening')",electricity,R1,6.17110000000,2050
"('all-year', 'all-week', 'evening')",gas,R1,0.09440000000,2050
"('all-year', 'all-week', 'evening')",heat,R1,4.32250000000,2050
"('all-year', 'all-week', 'evening')",CO2f,R1,0.43510000000,2050
