<?xml version="1.0" encoding="utf-8"?>
<manifest identifier="Lecture Block 8" xmlns="http://www.imsproject.org/xsd/imscp_rootv1p1p2" xmlns:adlcp="http://www.adlnet.org/xsd/adlcp_rootv1p2" xmlns:xsi="http://www.w3.org/2001/XMLSchema-instance" xmlns:lom="http://www.imsglobal.org/xsd/imsmd_rootv1p2p1" xsi:schemaLocation="http://www.imsproject.org/xsd/imscp_rootv1p1p2 imscp_rootv1p1p2.xsd http://www.imsglobal.org/xsd/imsmd_rootv1p2p1 imsmd_rootv1p2p1.xsd http://www.adlnet.org/xsd/adlcp_rootv1p2 adlcp_rootv1p2.xsd">
<metadata>
<schema>ADL SCORM</schema>
<schemaversion>1.2</schemaversion>
<lom:lom>
<lom:general>
<lom:title>
<lom:langstring>Lecture Block 8</lom:langstring>
</lom:title>
</lom:general>
<lom:educational>
<lom:typicallearningtime>
<lom:datetime>00:00:00</lom:datetime>
</lom:typicallearningtime>
</lom:educational>
</lom:lom>
</metadata>
<organizations default="lecture_block_8_organization">
  <organization identifier="lecture_block_8_organization">
  <title>Lecture Block 8</title>
    <item identifier="item_1" identifierref="lecture_8_1" isvisible="true">
      <title>Mini Lecture 8.1</title>
    </item>
    <item identifier="item_2" identifierref="lecture_8_2" isvisible="true">
      <title>Mini Lecture 8.2</title>
    </item>
    <item identifier="item_3" identifierref="lecture_8_3" isvisible="true">
      <title>Mini Lecture 8.3</title>
    </item>
    <item identifier="item_4" identifierref="lecture_8_4" isvisible="true">
      <title>Mini Lecture 8.4</title>
    </item>
  </organization>
</organizations>
<resources>
  <resource identifier="lecture_8_1" type="webcontent" adlcp:scormtype="sco" href="res/Lecture_8.1.html">
    <file href="res/Lecture_8.1.html"/>
  </resource>
  <resource identifier="lecture_8_2" type="webcontent" adlcp:scormtype="sco" href="res/Lecture_8.2.html">
    <file href="res/Lecture_8.2.html"/>
  </resource>
  <resource identifier="lecture_8_3" type="webcontent" adlcp:scormtype="sco" href="res/Lecture_8.3.html">
    <file href="res/Lecture_8.3.html"/>
  </resource>
  <resource identifier="lecture_8_4" type="webcontent" adlcp:scormtype="sco" href="res/Lecture_8.4.html">
    <file href="res/Lecture_8.4.html"/>
  </resource>
</resources>
</manifest>